Emotion,Selected,Content,Date,Language,Location,Number of Likes,Number of Retweets,In Reply To,Author Name,Author Description,Author Statuses Count,Author Favourites Count,Author Friends Count,Author Followers Count,Author Listed Count,Author Verified,Longitude,Latitude,Author
Joy,No,President Trump will ALWAYS be better than @JoeBiden #Trump #biden https://t.co/3UDSSRSHaw,1/17/2021 6:06,en,,0,0,,The Conservanick,Raging Hetero Republican with the truth!,7,1,11,0,0,FALSE,,,@TConservanick
Joy,No,That's for the White House pantry alone. #WhiteHouse #Moving #Trump https://t.co/eG6ad5k4dM,1/17/2021 6:06,en,,0,0,,Greg Brian,Freelance writer who creates content for businesses around the world. Former writer at Showbiz Cheat Sheet. Still unpaid for all content on Twitter.,152011,0,2342,767,62,FALSE,,,@Gregoriancant
Joy,No,"@MeidasTouch When is this going to stop @senatemajldr @JohnCornyn @SenTedCruz @marcorubio @RandPaul oh @LindseyGrahamSC ?

#GOPCorruptionOverCountry #GOP #Trump #TrumpFailedAmerica 

https://t.co/AdpipdsRAV",1/17/2021 6:06,en,,0,0,@MeidasTouch,JulieB.,Retired tech writer now Animal Advocate,8242,7979,474,114,0,FALSE,,,@Crossposter_JB
Joy,No,"@JohnCornyn Guessing this is your admission that #Trump @tedcruz @HawleyMO &amp; their band of thugs that attacked &amp; desecrated our capital should be held accountable? Because they should! And the @gop enablers, like yourself @JohnCornyn, should gave to answer! Too!",1/17/2021 6:05,en,,0,0,@JohnCornyn,Winnie riddle,,79350,35254,908,639,2,FALSE,,,@riddlewinnie1
Joy,No,"A life spent making mistakes and learning from it is more honorable than a life spent doing nothing.

#SaturdayVibes #Trump #USA https://t.co/BjX7PnO5zR",1/17/2021 6:05,en,,0,0,,sunny_k,value Investor / swing trader / Manager /environmentalist.    sharing my thoughts not investments advices,17,12,31,3,0,FALSE,,,@sunilkatalP
Joy,No,@Porter_Anderson @eliehonig @AnaCabrera @WhiteHouse #Trump must be brought to account for all his criminal activities during (and before) his presidency; else the precedents he has set will embolden any future autocrat orâ€”heaven forbidâ€”theocratâ€”to the serious detriment of a free and just society â€¦ https://t.co/Pr39RDhvz6,1/17/2021 6:04,en,,0,0,@Porter_Anderson,Philip Cohen,Vociferous Trump critic.,37086,14194,176,279,3,FALSE,,,@PhilipCohen5
Joy,No,"If you hate the #media, then a Joe #BidenAdministration will be great because it will be boring in its competence &amp; lack sizzle without constant Twitter rants. Media ratings were sky high w #Trump #BidenHarrisInauguration #BidenInauguration #AmericaOrTrump",1/17/2021 6:04,en,,0,0,,"$2,000 relief checks now","Clean tech lawyer, poli sci PhD. Let nothing discourage you, nothing depress you.. Am I not your mother? Are you not under the protection of my mantle?-Our Lady",16550,7711,405,149,1,FALSE,,,@BybloodofJesus
Joy,No,"STOP being fearful of Truths 
Even of @Twitter @Facebook &amp; whatever other SM Sites 
I for one Believe SM allowed  #Trump his #republican Ppl in office  2 Incite #Supporters
all be accountable 4 #CapitolRiot
Lies re #Cov19
Why Did SM Sites allow &amp; Take so Long to Block Instigating",1/17/2021 6:04,en,,0,0,,Beez Laine,https://t.co/dJmSQoHJYg Registered Protected https://t.co/0zL6RBlx3b Poetry HumanRights A #Voice Against #Violence all forms re #Females #Graves #FM #ptsd,465052,294651,4143,8509,681,FALSE,,,@beezknez
Joy,No,#Trump may have turned out to be a decent person if he had someone to tell him   You is Kind You is Smart You is Important when he was a little boy. #HeNeededAHug #listentoyourmom,1/17/2021 6:04,en,,1,0,,PumpUpTheVol80s,I donâ€™t know. Stuff. And besides people use what they hear and read here as fact. This is where opinion becomes fact and fear drives perception and reality.,819,1326,170,20,0,FALSE,,,@userMymouf
Joy,No,@JoyVBehar Yes Iâ€™ve heard they are horrible  cheaply made youâ€™re paying for the box and his ugly mug â€¼ï¸ #BedBathAndBeyond #MyPillow #MyPillowGuy #Trump,1/17/2021 6:04,en,,0,0,@JoyVBehar,AnthonyGG,#Democrat #LGBTQ #BLM #TheBlackVote #VoteBlue ğŸ—³,424,1369,408,38,0,FALSE,,,@Anthony33587015
Joy,No,"Whatâ€™s about 2 happen to @DonaldJTrumpJr  if he thinks heâ€™s getting out of this thing he started. Ce La Vie. #Trump #KanyeWest #losers 

Pitbull - Timber (Audio) ft. Ke$ha https://t.co/kGsQ8lMlL1 via @YouTube",1/17/2021 6:03,en,,0,0,,BuckingTrends,Done with bullshit. Coming 4 throats. Hound Style.,1,0,0,0,0,FALSE,,,@TrendsBucking
Joy,No,"THIS!!! ğŸ‘‡ğŸ‘‡ğŸ‘‡ğŸ‘‡ğŸ‘‡Brilliant! ğŸ‡ºğŸ‡¸ğŸ‘ 
#GOP #Trump #TrumpTreason #TrumpSupporters #TraitorTrump #SaveOurDemocracy #CapitolRiot 
#GOPTraitorsToDemocracy #America #Country #DonaldTrump #CountryOverParty #News #TrumpAdministration #NewsUpdate https://t.co/Z5SPNdZBCa",1/17/2021 6:03,en,,0,0,,Elizabeth,Ready to live in the woods! Being an #Empath in this crazy world is a struggle. #M4A #BLM #ClimateChange #WearAMask,4242,10615,1672,699,2,FALSE,,,@UpNorth2026
Joy,No,"Trump can never reach this level!

#Trump #Putin https://t.co/Q6Y5EOiYwE",1/17/2021 6:03,en,,0,0,,Marx Wegener,Chauffeur at Darwin Limousines. Successful gadget geek and videographer.,709,568,62,15,0,FALSE,,,@MarxWegener
Joy,No,"@TruthAbtChina ğŸ’” Absolutely heartbreaking! ğŸ’”

#Trump must do EVERYTHING possible to stop the CCP takeover of the US, in or out of office! He has a minimum of over 80 million people in the USA alone, excluding hundreds of millions more globally, who would stand up to assist &amp; cover his back!",1/17/2021 6:03,en,,0,0,@TruthAbtChina,Bella RoseğŸŒ¹,"I am awake and this is the real me! My MECFS, my rants, my frustrations, my platform to be honest with the world. No pretending. No sugar-coating. No lies.",255,574,171,43,1,FALSE,,,@TheRealMe_Belle
Joy,No,Moving out. #Trump https://t.co/g4gF9CdXdM,1/17/2021 6:03,en,,0,0,,Stay safe,Life goes on....â™¡Many THXâ™¡Pray for peaceğŸ’•English & Japanese.,5021,5930,946,84,0,FALSE,,,@Botansan
Joy,No,"@SlsStudios @Transconductor1 @hesanaughtyboy @wisemanryder @AndrewRChapman @yourmomspants1 @FullMetalJa @zebub_b_l @Wolfpak561 @th1rt3en_TM @Quiptography @A_Damned_smith @fearing_aid @smug2bme @1pckt @willsworldview @Wilkyway71 @jackiebarbosa @WmManry @EdwardwongY @DocSnoe @VincePopArt @SBuddie1877 @HeathenWombat @BabeTruth2 @Freewillburnya @A_Draeros @Avic_Wins @wiguy45 @Jordan17910 @Allison23829042 @SDarkmore @zalphaprime @Cleisthenes5 @JohnKrahn2 @fixedintime @greg2467535753 @tk_the_kitsune @Lincolngrox @SplinterSimba @kester_lowers @CandySmith74 @Enby896 @AnnaVic88472217 @AtheistBigfoot @Galcondude @Realliously @tcunderdahl @Snowleopards12 @jpmommawilliams Here is #Trump on the world stage

THIS is what we see...
he made the USA a Joke. https://t.co/ScE7Yppt6U",1/17/2021 6:02,en,,0,0,@SlsStudios,The Creator Goddess Tiamat,"REAL mother of Dragons, Build a world from my corpse and there will be... shenanigans.
Serpent in the Garden and drinking partner of Lilith
 Still Socialist",3289,5462,179,120,1,FALSE,,,@SariellaEternal
Joy,No,"@donwinslow @GenevieveLee19 @kayleighmcenany Wait...how can that be? 

When #trump hired her she told us....and I quote @PressSec  ....

""I will never lie to you""

ğŸ‘‡
Happy

Job

Hunting @kayleighmcenany 
ğŸ˜",1/17/2021 6:02,en,,0,0,@donwinslow,Pete N ğŸ‡ºğŸ‡¸,"#trumpism = Fascism
Some #Capitolrioters  may have been simpletons, but others THINK they are revolutionaries & hatching plots right now.... #RESIST",4204,6908,473,320,1,FALSE,,,@Pete_NY1
Joy,No,"All 50 states on alert for an inauguration... yet, we're to believe this election wasn't tampered with, and that the majority want B/H? Come on now. #Election2020
#voterfraud #Trump #ElectionFraud",1/17/2021 6:02,en,,0,0,,ThatChick,That chick,33,54,42,6,0,FALSE,,,@BootsOnNecks
Joy,No,"Franklin Graham comparing #Trump to #Jesus, &amp; Pelosi to Judas, says it all @SamaritansPurse https://t.co/02jpvGuYU3",1/17/2021 6:02,en,GB,0,0,,Rev Steve Openshaw,"Husband Dad & Vicar of Christ Church, Walshaw. Tweets my own & not necessarily the views of my church or the CofE. No time to be drawn into dialogue I'm afraid.",2418,2667,311,517,17,FALSE,,,@StevenOpenshaw
Joy,No,"Incase you feel there is more of them than us, that's just Twitter censorship.  It's what they want you to think.  Don't forget !
#MAGA 
#Trump https://t.co/0mZDOMDxpj",1/17/2021 6:02,en,,1,0,,Tabi,"God loving MAGA ğŸ‡ºğŸ‡¸ğŸ‡ºğŸ‡¸. Small business owner, Mom of girls, Wife of God Fearing man.",1219,636,296,192,0,FALSE,,,@Tabi05441459
Joy,No,"""There is 'no question' in Mary Trumpâ€™s mind that her uncle President Donald #Trump wanted his #mob of supporters to storm the U.S. Capitol last week... ""He really thought that that was a way to change the results of the legitimate election."" https://t.co/5ODA8MXoSS",1/17/2021 6:02,en,,0,0,,Dr. Phil Hendrix,immr | Researcher & Advisor | #Innovation #CX #Tech #Data #Analytics #Healthcare #Wellness #VR #Marketing #Startups | Former prof. Emory & U.M.,8366,4179,4383,2600,264,FALSE,,,@phil_hendrix
Joy,No,The 15 most notable lies of Donald Trump's presidency - CNNPolitics #trump ğŸ¤¥ https://t.co/XR0OwEvvBV,1/17/2021 6:02,en,,0,0,,M.,We should seek to sort out our differences through a win-win dialogue.,27201,35034,323,670,134,FALSE,,,@Chodecka
Joy,No,"Seems like you are setting up the stage for the dictatorship. Slowly happening in front of your eyes, but with the excuse. What a hell happened to US we know? This is not the way #usa #freespeach #trump
-After Twitter banned Trump, misinformation plummeted https://t.co/P0f01yI2RS",1/17/2021 6:01,en,,0,0,,Digital Markings - Marko Dordevic,"Digital Markings @YouTube channel - tech news, leaks, rumors & opinions. @Apple #YouTuber #DigitalMarkings #MarkoDordevic - Bio: https://t.co/6GaXpxLvRn",7151,7095,1136,614,7,FALSE,,,@dordevicmarko
Joy,No,"WE BELONG TO GOD NOT TO THE BEAST OR IT'S IMAGE THE UNITED NATIONS... DO NOT TAKE THE JUICE!!!
#Marvel #Netflix #DisneyPlus #church #Jesus #trump #biden #sports #Cricket #Revelation #markofthebeast #UnitedNations https://t.co/zCW7GejXJP",1/17/2021 6:01,en,,0,0,,considerothersmoreimportant,PHILIPPIANS 2:3 CONSIDER OTHERS MORE IMPORTANT...,85,3,121,12,0,FALSE,,,@burgerbums
Joy,No,@Slate @JoshMankiewicz @ABCNetwork @DancingABC please DO NOT glorify any more of the #Trump staffers as you have in the past. These people are not stars they are criminals &amp; liars that have caused irreversible harm to the US &amp; world. @THR @Variety,1/17/2021 6:01,en,,0,0,@Slate,Kenny Norwick,"#ScreenActorsGuild eligible #actor. Professional #Videographer sports/concerts, Production crew - movies/TV. Born on #LakotaSioux land, now #Angeleno by choice.",17758,40417,349,282,4,FALSE,,,@kennynorwick
Sadness,No,3 days till #Trump is gone https://t.co/nioBqKm8ka,1/17/2021 6:01,en,,0,0,,Chris Michael Ward,Broadcaster / on Unmasked with Terry E Lyle on Friday nights at 7:30 est. #UnmaskedTerryELyle,149720,58613,4994,2863,52,FALSE,,,@ChrisMichaelW
Sadness,No,"Parler ""Go make your own network.....""
more news from iON / COVID invasion.
https://t.co/X4FAXFCW4I
@JamesOKeefeIII #trump #Parler",1/17/2021 6:00,en,,0,0,,Viceroy Trump,Viceroy of The free world,735,22,30,170,0,FALSE,,,@TrumpViceroy
Joy,No,"ğŸš¨ğŸš¨ğŸš¨ğŸš¨Just in -Due to security issues, the president Trump asked his family and friends to leave the White House tonight #trump #WhiteHouse      #family https://t.co/tlwgxWJTFw",1/17/2021 6:00,en,,0,0,,Media Faith,follow for the truth (this account wonâ€™t be here for long time ) 29/1/2021 /the account host by group,295,15,13,123,0,FALSE,,,@NMYAZE
Surprise,No,I guess #trump really got muted huh? Twitter seems so much more quiet lol #idiot #followme #donaldtrump #notmypresident #trending,1/17/2021 5:59,en,,0,0,,Alyssa X,Im spunky and outgoing.,823,109,928,231,2,FALSE,,,@darkeclipse666
Joy,No,"Joe Biden Holds Inaugural Celebration on YouTube -- Only 24K Tune in to His Channel -- Trump Holds YouTube Speech at Alamo and Got 804,000 Viewers WHILE HE SPOKE #ST0LEN via @gatewaypundit https://t.co/7ZoPVpA6LC  Just goes to show once again Who was elected president. #TRUMP",1/17/2021 5:59,en,,1,0,,Patriot Martyr TRUMP ROCKS USA 2020,"Rob Like's Music 60's 70's and the good ole 80's I Care about issues in our country, Patriotic American,  ğŸ‡ºğŸ‡¸https://t.co/HGvPuafoi0 Same name on @Parler",153319,100721,5874,5816,63,FALSE,,,@Detrocker2264
Sadness,No,I already miss #Trump https://t.co/HAH8HxGXYe,1/17/2021 5:58,en,,0,0,,Raney Nickel,I like cats.,641,595,220,12,0,FALSE,,,@NickelRaney
Joy,No,"Can I just say, it worries me. What if #Trump decided to remove Biden and most of DC from office? I don't think he could get away with that, but he's gotten away with so much, and it's late at night, I can't say it's impossible.. https://t.co/tNWGJqT2qe",1/17/2021 5:58,en,,0,0,,Mad monk of Kimchi ğŸ’š,"Interested in many things.
WARNING: Will randomly try to fix the world with lots of cats.",3250,5668,54,34,2,FALSE,,,@MrKimchiBoy
Joy,No,"What the hell? The state of Florida continues its witch hunt, using the full force of the law (previously armed troopers, guns drawn) to intimidate, harass, and now punish a critic of #Trump ally and science denier Gov. #RonDeSantis? https://t.co/sRsFIVstNm",1/17/2021 5:58,en,,0,0,,Rudy Owens,"Detroit-born, U City-raised, author, communications/public health professional, curious traveler, and chronicler of the human condition, good and bad",12731,7396,541,384,63,FALSE,,,@RudySDOwens
Fear,No,Why is the system against #Trump why? Whenever you see the systems against someone just dear back and rethink,1/17/2021 5:58,en,,0,0,,Steven Mbugua,"Secretary LSK Thika Chapter; Advocate of the High court of Kenya, CPM(MTI),a father, husband & a friend to many",572,1470,201,106,0,FALSE,,,@WanjiruSteven
Sadness,No,@LaLaRocka @Cynthia35843537 @RadioFreeTom They truly exist. Sadly the #MAGA cult really think #Trump loves them. https://t.co/zvZrD8hIy8,1/17/2021 5:57,en,,0,0,@LaLaRocka,Political Junkie,,4143,2119,188,48,0,FALSE,,,@LailaJunkie
Joy,No,"@DonaldJTrumpJr what if there was a live #YouTube rally say Wednesday 11 am to 1 pm to thank supporters, staff, senators, etc  and do a check list of what was promised and what got done #trump @flotus",1/17/2021 5:57,en,,0,0,@DonaldJTrumpJr,Manly Products,Products used by Manly Men (Men who work hard and respect others) God bless America! Keep your TrueGrit in life. ğŸ‡ºğŸ‡¸,7558,51,1015,1154,41,FALSE,,,@manlyproducts
Joy,No,"#USPS A Package mailed Chicago Jan 4, two day priority to be delivered in Tucson Jan 16! Two day priority. Tracking indicates it was shipped by slow truck through Desmoines, Denver Phoenix where it departed Jan 12. To be delivered 100 miles away 4 days later! SHAME @USPS #TRUMP",1/17/2021 5:57,en,,0,0,,T. Friedmann,,259,84,27,17,0,FALSE,,,@T_Friedmann
Surprise,No,"@DanEggenWPost The grifter #Trump at it again. 
Wonder who will actually donate to him once heâ€™s out of office.",1/17/2021 5:57,en,,0,0,@DanEggenWPost,Brandy Batliwala,an opinion but not always judgement #womensrights #RESIST #lgbtq #politics #sports #travel #food #film. my hero #FieldMarshalSamManekshaw,10180,15575,805,257,1,FALSE,,,@chatter16979696
Joy,No,Want to trigger the @DNC for eternity? Letâ€™s form the â€œTrue Republican United Maga Partyâ€(TRUMP) so they have to see Trumpâ€™s name on every ballot they ever cast! ##TRUMP #TrumpBestPrezEver #MAGA #4MoreYears,1/17/2021 5:57,en,,0,0,,@PresElectToBe,"Husband, Father, Husker, Padre , Chief, an Imperfect Christian but Perfected in Christâœï¸ #MAGA IFBAP",2291,4604,1835,1806,0,FALSE,,,@PresElectToBe
Joy,No,"Win $75 grocery gift card -just take a simple surveyğŸ‘‰https://t.co/vIQEDvTwpW

#trump #USA #USAElections2020 #grocery #Germany #women #womensfashion #WomensChampion #covid #CoronaVaccine #coronavirus #people #Canada #shop #marketing https://t.co/brY7NNIyzG",1/17/2021 5:56,en,US,1,0,@Lili68332961,Lili ğŸ‡¨ğŸ‡¦,hello - i am Lili from canada,36,113,116,12,0,FALSE,,,@Lili68332961
Joy,No,"Win $75 Grocery Gift Card. Just Take a Simple SurveyğŸ‘‰https://t.co/wSpGI36w2e

#trump #UFCFightIsland7 #BlackSwan #spotify #italy #world #worlwide #people #usa #usarmy #spain #uk #canada #WandaVision #usgirl #uspeople #usarmy #groceryshopping #grocery #grocerystore #women #USA https://t.co/AkzsQ6KRgV",1/17/2021 5:56,en,US,1,0,@Lili68332961,Lili ğŸ‡¨ğŸ‡¦,hello - i am Lili from canada,36,113,116,12,0,FALSE,,,@Lili68332961
Joy,No,"Win $75 Grocery Gift Card. Just Take a Simple SurveyğŸ‘‰https://t.co/wSpGI36w2e

#trump #UFCFightIsland7 #BlackSwan #spotify #italy #world #worlwide #people #usa #usarmy #spain #uk #canada #WandaVision #usgirl #uspeople #usarmy #groceryshopping #grocery #grocerystore #women #USA https://t.co/kZTkoTuyaF",1/17/2021 5:56,en,US,0,0,@Lili68332961,Lili ğŸ‡¨ğŸ‡¦,hello - i am Lili from canada,36,113,116,12,0,FALSE,,,@Lili68332961
Joy,No,"@MeidasTouch @standforbetter If God wanted #tRUMP to win, wouldnâ€™t he have actually won? Why do they always invoke @TheTweetOfGod â€˜s name. Does that make everything they do okay? Also pillow guy just outed his nieces !!!!!! ğŸ˜œ",1/17/2021 5:56,en,,0,0,@MeidasTouch,Asymetrical,,37626,56868,4450,196,0,FALSE,,,@Asymetrical13
Joy,No,"Win $75 Grocery Gift Card. Just Take a Simple SurveyğŸ‘‰https://t.co/wSpGI36w2e

#trump #UFCFightIsland7 #BlackSwan #spotify #italy #world #worlwide #people #usa #usarmy #spain #uk #canada #WandaVision #usgirl #uspeople #usarmy #groceryshopping #grocery #grocerystore #groceryhaul https://t.co/QkhgoDJBJM",1/17/2021 5:56,en,US,1,0,,Lili ğŸ‡¨ğŸ‡¦,hello - i am Lili from canada,36,113,116,12,0,FALSE,,,@Lili68332961
Surprise,No,"Just out of curiosity what did more damage to Broadway? Trump, COVID, or the Cats movie?
#CATS #Broadway #Trump",1/17/2021 5:56,en,,0,0,,Tony Hutcherson,Independent thinker. Armchair Philosopher. Student of Life and History. Political party free since 2016.  â€œI yam what I yam and thats all that I yamâ€ - Popeye,602,401,68,19,0,FALSE,,,@vern345
Joy,No,"The current occupant of the @whitehouse has let spread unchecked throughout the entire country a deadly disease, causing gross harm and immeasurable heartache. And, Iâ€™m only talking about the bigotry and corruption. #trump #COVID19 #immigration #WhiteSupremacy #GOPfascists",1/17/2021 5:56,en,,1,1,,(((RB Blair))) Proud Democrat | Wear A Damn Mask,"I tweet politics & follow cool cats. Be ruthless with institutions; be kind to individuals. #WearAMask! When we vote, we win!",244440,29911,11215,11846,322,FALSE,,,@TuxcedoCat
Surprise,No,"#MAGA #MAGAFOREVER #TRUMP2020ToSaveAmerica #Trump #StopTheSteaI2020 

Hey Y'all MAGA -- this is amazing!! THIS guy gets it!! https://t.co/Jad5vep8Td",1/17/2021 5:55,en,,0,0,,R Roberts,"""Never argue with stupid people, they will drag you down to their level and beat you with experience."" Twitter in a Mark Twain shell. #FBR",10025,7857,904,259,0,FALSE,,,@ForgiveUsPls
Joy,No,"Donald Trump for President 2020 Keep America Great
who wants to trump coin??#trump #2020prisedent",1/17/2021 5:55,en,,0,0,,Ava Olivia,OLI96,12,12,63,9,0,FALSE,,,@AvaOliv96
Joy,No,@w_terrence yeah @smoss was stupid for holding something this big but #Trump had been holding big events and super spreading all of last year and ended up getting #COVID..so how about you sit this one out. https://t.co/pyMoIMODrO,1/17/2021 5:55,en,,0,0,@w_terrence,Independent02,"I am a registered independent born and raised in the US and still a citizen,but live https://t.co/iMA2TR0PE8 Edition is the best group ever",75568,21084,866,273,24,FALSE,,,@Independent02
Joy,No,"@Lorrie07878949 @SpeakerPelosi Be honest, for once, didn't you take the same meme with #Trump's name &amp; photo, changed them to Biden's? 
Looks like you forgot one: ... grabbing Lorrie. 

It sure took you a long time, like 2 months!! Did you have to get help from your cousin-husband Billy Jack?

#TwiceImpeached",1/17/2021 5:55,en,,0,0,@Lorrie07878949,BPF,Twitter allows me to describe what I see in a few words & express how I feel about people & issues that are important to me,4575,4632,208,116,1,FALSE,,,@What_Do_I_See
Joy,No,Part of why #Trump targeted #ElizabethWarren is that she was on the same declining white rage trip as him. It's also why she went nowhere with Democratic voters and we now have Biden/Harris.,1/17/2021 5:55,en,,0,0,,Michael Orion Powell,Creator of the Roaring 2020s podcast. Rt does not = endorsement.,831,151,257,14,0,FALSE,,,@NgatchouNoir
Sadness,No,Trump will not get a military sendoff when he leaves DC--report  #Trump #military #sendoff https://t.co/VW1i9fHYwW,1/17/2021 5:55,en,,0,0,,AliceLipowicz,"Former reporter/writer for CQ, Crain's NY, Post-Newsweek Tech Media, FCW, WashTech, Conn Post. Set-Aside Alert editor. Also writing musicals for stage and Zoom.",31499,207,2012,3141,439,FALSE,,,@AliceLipowicz
Joy,No,"@Jim_Jordan The majority of Americans do not want to be harassed by #DonaldTrump or anyone, especially if they have the power of government. @Twitter @Facebook doesn't belong to government or #Trump. #GOP needs to stop lying about censorship. @jack @SpeakerPelosi @RepKatiePorter https://t.co/YLGdJOzEFw",1/17/2021 5:55,en,,0,0,@Jim_Jordan,Toughone,STOP THE HATE. STOP THE VIOLENCE. IT'S TIME FOR PEACE. PEACE IS NOW. UNITED AMERICA,21115,4969,379,56,0,FALSE,,,@Toughone6
Anger,No,Every time I check someoneâ€™s likes it gotta be porn #TikTok #Trump #viral #Video #4K #Batman,1/17/2021 5:54,en,,0,0,,kevin,twitch: https://t.co/lbRYe9Y7nB live by fate not by sight,81,94,12,2,0,FALSE,,,@sniperkev777
Joy,No,"110 million people are pissed - Perfect Storm. These nice little people are gonna show them who we are.
Nasty Pelosi ""Who is this b*tch"".
""Why I am on Facebook"" https://t.co/tVkqOua6OK
#trump",1/17/2021 5:54,en,,0,0,,Viceroy Trump,Viceroy of The free world,735,22,30,170,0,FALSE,,,@TrumpViceroy
Joy,No,"#BREAKING
Trump 2020 election Press Sec #HoganGidley issues stmt saying #Trump hasn't picked his legal representation for the Senate #ImpeachmentTrial.

This comes after Rudy #Giuliani told ABC News that he's working as part of Trump's #impeachment-trial defense.

#CapitolRiot https://t.co/FFSz4wm3eo",1/17/2021 5:54,en,,0,0,@DevonHeinen,Devon Heinen,"Journalist, freelancing for @BuzzFeedNews | Prev: @NewStatesman, @TheAtlantic, @VICE & more | Comments are mine. DMs open. devon.heinen@gmail.com",51602,0,146,826,100,FALSE,,,@DevonHeinen
Joy,No,"Yes, he deserves what heâ€™s getting but so do #Trump; #Pence; #Cruz; Giuliani &amp; every #GOP representative who voted to overturn the election.
#TrumpCrimeFamilyForPrison https://t.co/KvvevWoqrP",1/17/2021 5:54,en,,0,0,,Jack Kolinski,Retired; dedicated writer of drivel; #Atheist; #Humanist; Enemy of religious superstition; singer; napper; #Grandpa (2nd best job in the world after Dad!),63350,113909,2656,1694,126,FALSE,,,@DonQuixote1950
Joy,No,"I do not go inciting violence hate lies
I write poetry about life
I also comment on issues of #humanrights #animalrights Injustices of #Laws
you only have 2 think of #Trump who nominated Brett Kavanaugh Associate Justice of the Supreme Court
Got out of Sexual Assault Rape Charges",1/17/2021 5:54,en,,0,0,,Beez Laine,https://t.co/dJmSQoHJYg Registered Protected https://t.co/0zL6RBlx3b Poetry HumanRights A #Voice Against #Violence all forms re #Females #Graves #FM #ptsd,465052,294651,4143,8509,681,FALSE,,,@beezknez
Sadness,No,"Suck it up princess you're going to jail.
https://t.co/ujjoG8oEWJ

#nopardons #MAGATerrorists #DonaldTrump #TrumpTreason #TrumpsTerrorists #Trump",1/17/2021 5:53,en,,0,0,,ğ“ğ¨ğ«ğ¢ğğ¬ğ€ğ«ğğŠğ¢ğ¥ğ¥ğ¢ğ§ğ ğğ«ğ¢ğ­ğšğ¢ğ§,The Tories are killing Britain. Lets put a STOP to it. LIKE us on facebook https://t.co/Ntbxhrdcdv â“‹,44846,61259,293,1866,33,FALSE,,,@killingbritain
Anger,No,"Watch and listen and maybe understand why Iâ€™m so pissed.ğŸ‡ºğŸ‡¸ 
#Trump #AmericaOrTrump #America https://t.co/so0sFhYmo9",1/17/2021 5:53,en,,0,0,,Glen Borst,"Husband, dad, comic book nerd, 501st Legion, Godzilla and 80â€™s Toys and cartoons. I honestly donâ€™t see what my wife sees in me either. ğŸ˜‰",30064,60662,464,655,34,FALSE,,,@TrooperTK602
Joy,No,"It's so beautiful to wake up and #Trump isn't trending and staining our #democracy @Jack @Twitter #Twitter
Good decision! https://t.co/nHFZDFycf0",1/17/2021 5:53,en,,0,0,,Michael van Mind,#MvM #MichaelvanMind,17917,13740,438,133,42,FALSE,,,@MichaelvanMind
Joy,No,"i fought hard to get rid of #trump, donated liberally to #Biden, but now with his plan to legalize 11 million illegals is running a shudder down my spine, this will open the floodgates to a never ending deluge of border crossers, this will be a disaster &amp; may need 2 vote GOP",1/17/2021 5:52,en,,1,0,,The Anxious Middle,"he/him, Biden help Americans first, then grant illegals with zero criminal records, a work permit for 2 years, else we lose this nation.",819,910,152,46,0,FALSE,,,@risingstar2021
Joy,No,"next Wednesday
  ,
  The lame duckling stage ends
  ,
  The period of 100 days begins
  ,
  ,
  Fasten your belts
   And enjoy the ride :))))
  ,
  #America #Trump #Biden #John_Biden #U_S_A",1/17/2021 5:52,en,,0,1,,Ø£Ø­Ù…Ø¯ Ø¨Ù† Ù…ØªØ±ÙˆÙƒ Ø§Ù„Ø¹Ø§Ø²Ù…ÙŠ,Ø­Ø§ØµÙ„ Ø¹Ù„Ù‰ Ø¯Ø±Ø¬Ø© Ø§Ù„Ø¨ÙƒØ§Ù„ÙˆØ±ÙŠÙˆØ³ ÙÙŠ (( Ø§Ù„Ø¹Ù„ÙˆÙ… Ø§Ù„Ø³ÙŠØ§Ø³ÙŠØ© )) Ø¬Ø§Ù…Ø¹Ø© Ø§Ù„ÙƒÙˆÙŠØª #Ø¨Ø³Ù…Ø§Øª_ÙˆØ·Ù† #ØªØ¹Ø³_Ø¹Ø¨Ø¯_Ø§Ù„Ø§Ø­Ø²Ø§Ø¨,87086,367,709,5844,10,FALSE,,,@A_Binmatrok
Fear,No,"All 50 US states on alert for armed protests

https://t.co/El7ZjjG6q3

#armedprotests #Columbia #JoeBiden #Trump #US #CapitolRiots",1/17/2021 5:52,en,,0,0,,Treta,"MIVDO & BANDHUâ‡ï¸ Bharat Ke Apne Apps â€¢ On Google Play Store
ON THE DOT â€¢ Stories around the Globe.
#MakeinIndia to #Makefortheworld
@ Aditya: 9833026960",1169,111,155,410,0,FALSE,,,@MIVDO1
Joy,No,@NikkiHaley @standamericanow #Trump must be brought to account for all his criminal activities during (and before) his presidency; else the precedents he has set will embolden any future autocrat orâ€”heaven forbidâ€”theocratâ€”to the serious detriment of a free and just society â€¦ https://t.co/Pr39RDhvz6,1/17/2021 5:52,en,,1,0,@NikkiHaley,Philip Cohen,Vociferous Trump critic.,37086,14194,176,279,3,FALSE,,,@PhilipCohen5
Joy,No,"The Mall will be closed on @JoeBiden s #Inauguration? Too bad,  because the turnout would have been huge and #Trump would have been defeated again. 

#NationalMall #Biden #CapitolRiot https://t.co/bx6ZNlmkcX",1/17/2021 5:52,en,,0,0,,Michael van Mind,#MvM #MichaelvanMind,17917,13740,438,133,42,FALSE,,,@MichaelvanMind
Joy,No,"The amount of narcissism &amp; psychopathy throughout the entire #Trump family is absolutely astounding. I will never understand how anyone followed them in such a bizarre, cult like way. I often wonder  if our country will ever be able to recover from all that has happened. https://t.co/UEVWtsaAni",1/17/2021 5:52,en,,1,0,,Ahava Makuta ××”×‘×” ğŸŒŠâœ¡ï¸âš–ï¸,Jewish. Liberal. Autistic. Mosaic (Down Syndrome). Future attorney. âš–ï¸ #BlueWave #BLM #BIDENHARRIS2020. #Resist No DMâ€™s please. ğŸŒŠ,1649,17978,9530,9495,6,FALSE,,,@ahava_makuta
Sadness,No,damn dude. no wonder heâ€™s getting ghosted rn #trump #rudy #ghosted #wow https://t.co/OIbGERcME1,1/17/2021 5:51,en,,2,0,,Ryan Hunter,"helping my boy don thru a bad breakup, 1 day at a time ğŸ’”",822,7409,1062,1464,49,FALSE,,,@Ryan_Hunter
Joy,No,"If you believe that this Jenna Ryan is an actual Trump supporter, or any that breached the Capitol, you are either naive or are completely brainwashed by liberal media.  Ryan and others are ANTIFA- attempting to sabotage the peace Trump called for. #Trump

https://t.co/ymrAOfjvnY",1/17/2021 5:51,en,,0,0,,Daemon Golgoth,,95,1,0,1,0,FALSE,,,@daemon9
Joy,No,"VANITY &amp; TRUMP. 
Where are they now? @nytimes 
#TrumpTreason #TrumpIsALaughingStock #TrumpMeltdown #insurrection #Trump  #SeditionCaucus 
#DonaldTrump 

 ""President Donald Trump Is Praised â€” By The Cabinet He Appointed | The New York Times"" on YouTube

https://t.co/EP8kXzqJHu",1/17/2021 5:51,en,,0,0,,Enola Grae,"I AM QUEEN OF SHEBA...(Really, my birth name)
Writer, Feminist, & Human rights activist ...   
On my spirtual Journey to enlightenment, happiness & peace...",2652,11356,283,99,0,FALSE,,,@EnolaGrae
Joy,No,"@JHoganGidley Funny how the man who said everything was either a hoax or fake news, now plans to pardon himself, his family and those that shilled for him. 

Screams innocence, right ? 
#TrumpImpeachment 
#TrumpIsACriminal 
#TrumpLies 
#Trump 
#AmericaOrTrump",1/17/2021 5:50,en,,0,0,@JHoganGidley,Brandy Batliwala,an opinion but not always judgement #womensrights #RESIST #lgbtq #politics #sports #travel #food #film. my hero #FieldMarshalSamManekshaw,10180,15575,805,257,1,FALSE,,,@chatter16979696
Surprise,No,"How about when #Trump said in a speech in California, â€œLook at my African American over here!â€ #favoritetrumpmemories",1/17/2021 5:50,en,US,0,0,,Stephen Goldblatt,Half way through this marathon.,2341,1278,770,1516,99,FALSE,,,@Goldblartsky
Fear,No,"#TrumpTerrorist #MarcoRubio darling,

You can't pray the #Trump stink away.

Sincerely,

America https://t.co/BbY8aI5wva",1/17/2021 5:50,en,,1,0,,don - Contempt of Trump - auto - WEAR A MASK,"#BidenHarris2020
Viva la #Resistance 
#VoteBlueNoMatterWho 

More followers than #BunkerBitch #Trump!

Blocked by @ScottBaio",33246,114,1990,1735,0,FALSE,,,@Mr_Don_Auto
Fear,No,"@LRussellWolpe @phbarratt @CroakeyNews @MelissaSweetDr Yes, that they might do it with impunity in #Trump's America. #auspol",1/17/2021 5:50,en,,0,0,@LRussellWolpe,MORRIGAN,,2332,11384,0,28,1,FALSE,,,@BABDCATHA2
Surprise,No,#Trump Knows https://t.co/Hakk9VoM9k,1/17/2021 5:50,en,,2,1,,Kevs Dumpster Fire,We Are the Authors of Our Stories Now #LightTwerker ğŸ‘,27155,69247,842,2217,10,FALSE,,,@kevsdumpster
Joy,No,"This is still the most incredible picture of the Trump Administration. Seriously. Thatâ€™s a sitting American president. Imagine Obama, Hillary, Bush, Biden, or literally any other elected official ever...oh wait @senatemajldr actually he could probably pull that off. Nvm. #Trump https://t.co/030RgUrgTb",1/17/2021 5:50,en,,0,0,,Alex,"Talents a myth. Every person on the planet has the ability to achieve their wildest dreams, but only 1% are willing to do the work it takes to get there.",8919,1317,239,135,1,FALSE,,,@DaLegendaryAlex
Joy,No,"When the inevitable war within the Republican party divides them and the potty-trained Republicans splinter off, can we just call who's left (former R's) the Nazi party? No sense in being daft about their white nationalist roots and hatred of democracy. 

#gop #nazi #trump https://t.co/aKPmKaMRHj",1/17/2021 5:50,en,,0,0,,Pleasant Peasant,,201,367,65,1,0,FALSE,,,@n0rth_remember5
Joy,No,#Trump was responsible for the #CapitolRiot  He needs to show #Accountability and face #Consequences Pentagon Confirms Military Will Not Hold Traditional Farewell Ceremony for Trump https://t.co/dQF0qkFcof via @mediaite,1/17/2021 5:49,en,,2,2,,Sandy L,"Mom of 7. Blessed with many grandkids. Married. The world is a beautiful place, even in 2020! #FightForTheGood  #Biden2020  #DitchMitch  #BLM  #BeKind",1810,1615,1135,527,1,FALSE,,,@LaporteSandy
Joy,No,"Kinda breathes new life into @SpeakerPelosi ripping up his State of the Union speech, eh?
#Trump getting all butthurt by it makes sense now. 

https://t.co/vzn9ixmcxY",1/17/2021 5:49,en,,0,0,,Chris King,Geek|Father|Husband|Human,1580,374,396,50,1,FALSE,,,@CrizzlePope
Joy,No,"@MyFateMyDestiny @DesignationSix @yogafan108 @KraftHeinzCo @BestBuy @Carvana @Disney @hulu @TivityHealth @tecovas @ForceFactor @DealDash @NordicTrack @ProcterGamble @Tampax @Always @CopperFit Dear @FoxNews #FoxEntertainment 
#OurChoices #Accountability

#ICHOSE not to believe #Trump lies
#ICHOSE not to share #FoxPropaganda 
#ICHOSE to ignore dangerous #TrumpRhetoric
#ICHOSE not to attend #TrumpRallies
#ICHOSE not to support #Trump202O
#ICHOSE to NOT break laws",1/17/2021 5:49,en,,0,0,@MyFateMyDestiny,ğŸŒŠ Grandma's Here! ğŸŒŠ,Widow of a USMC VETERANğŸŒŠBless Our TroopsğŸŒŠSocial Distancing & Masks WORK!ğŸŒŠ#BidenWon,24016,19087,3274,2040,35,FALSE,,,@Grandma_Storm
Joy,No,"@madhukishwar @PMOIndia Disagree with last line.

BUT, continuous ignorance &amp; underestimating Anti-Indian #Leftists cabal is a serious concern since 7 yrs of governance.

After all #Trump lost all his glory due to ignoring these #leftists only.

@narendramodi ji must not repeat this fault.",1/17/2021 5:49,en,,0,0,@madhukishwar,Proud Indian ğŸ‡®ğŸ‡³,"Rashtrabhakt NOT Andhbhakt.Traveller+Foodie

Blocked by ğŸ¤˜: @ArvindKejriwal @ashoswai @anubhavsinha @MANJULtoons @abbas_nighat @MrinalPande1 @artwhoring",8057,28584,2426,2792,3,FALSE,,,@16abha16
Joy,No,"Of course his alike in Florida will give him a warm welcome

#Trump will leave Washington in disgrace, destined for a warmer welcome in Florida, where some supporters are so gung-ho they recently wrote his name on the back of a fat, lumbering manatee  https://t.co/3VSN0GJ09B",1/17/2021 5:48,en,,0,0,,Randa HABIB,"Author, Formerly director AFP news agency Jordan and Amnesty International regional director for MENA. Committed to live fully every day until the ""expiry date""",83132,3675,766,36117,643,TRUE,,,@RandaHabib
Surprise,No,@donwinslow @laurenboebert just fits in with #Trump and his ilk.. such low class,1/17/2021 5:48,en,,0,0,@donwinslow,Andreas J.A. S.,"*/ Views expressed are my own /* Passionate abou Data Viz & UX /* 

Proud Dad of 3, so don't B.S. me
*** Heart lies in Africa ***",25806,18008,488,704,239,FALSE,,,@Xeradox
Sadness,No,"Exactly...BOTH ğŸ‘ˆ

Let #Trump suffer the way he tormented all of us for the past 4 years https://t.co/K0BPdPycy9",1/17/2021 5:48,en,,0,0,,and the livin's easy,I adopt adult Basset Hounds. Huge fan of all things Sci-fi. I keep Vampire hours. Depression & OCD sufferer.,271941,89407,4671,1766,91,FALSE,,,@madamyez
Sadness,No,Yeah.  Perfect theme song for Trump's last day ğŸ–•. #GTFO #Trump https://t.co/UMasXrLScG,1/17/2021 5:48,en,,0,0,,Antifa cheer squad captain,Trumpism is destroying our democracy. Gym Jordan is a screaming fuckwit. Follow me and I follow back. No DMs. Too many cray cray Trumpers. #resister #resist,9821,38020,952,746,2,FALSE,,,@MarieON93755057
Fear,No,#Trump has laid bare the darkness and deepest issues and hidden truths of humanity.,1/17/2021 5:48,en,,0,0,,ğŸ’™ ğŸ‡¨ğŸ‡¦ Debbie ğŸ‡¨ğŸ‡¦ ğŸ’™,"Married to my best friend! #resist #BidenHarris NO DMs, for you assholes that means DO NOT SEND ME A MESSAGE TO SAY â€œHi Debbie How Are You?â€",14020,14265,4344,2254,2,FALSE,,,@dancindebbie
Surprise,No,"brand intuitive #markets with #domains 
ğŸ’° #biden #trump Buy #domain https://t.co/tyKa3FfomD https://t.co/iIie2xxETi https://t.co/uetWwi6BIH",1/17/2021 5:48,en,,0,0,,Buy crazy domains,We do #WordPress and sell #domains,27722,220,1663,1243,346,FALSE,,,@buycrazydomains
Surprise,No,Hit the road Jack donâ€™t you come back no more! #trumpmemes #trump #goodbyetrump #seeyanever #funny #packyourbags #getout https://t.co/1fkETAFiei,1/17/2021 5:48,en,,0,0,,craymo,"Multiple award winning Indie LGBT singer/songwriter pop/rock music. Music Supervisor/DJ Dir of Publishing for Moho Productions, https://t.co/DPnofdq3JH",15678,3233,4650,4600,110,FALSE,,,@craymo
Joy,No,"#removing #Trump MORE Links to REMOVING TRUMP #impeachment #25thAmendment #DCRIOTS 
https://t.co/Axej7hg4WI",1/17/2021 5:48,en,,0,0,,"Tom Gillispie, EDITOR/WRITER","â˜… READING â˜… WRITING â˜… DOGS â˜… FOOTBALL â˜… MIAMI DOLPHINS  â˜… BASEBALL â˜… SINGING â˜… STAR TREK â˜… MYSTERY AND SCIFI BOOKS â˜… WESTERNS. 
EMAIL: tgilli52@gmail.com",120303,189,3718,4244,422,FALSE,,,@EDITORatWORK
Surprise,No,"""Death by Covid""?  Wasn't that the #Trump health care plan? https://t.co/I1gbPHQZtL",1/17/2021 5:47,en,,2,0,,"Ms. Pinecone (Diana ""of the pine"")","#BuildBackBetter #BlackLivesMatter How did we get here? The GOP makes me SICK.  Feed the hungry, wear a mask, and wake up.",24468,51567,1386,1001,1,FALSE,,,@PolishPiney
Surprise,No,A Houston police officer resigned after his chief accused him of breaching the US Capitol https://t.co/AUqlRnH256 #breakingnews #news #trump #followback,1/17/2021 5:47,en,,0,0,,Big Time News Today,The Hottest news story's from around the world. Join us at https://t.co/6O5zVcGcej where we blog about today's trending and breaking news on the daily!,8768,4,536,728,1,FALSE,,,@bigtimenewsus
Joy,No,".â¦@IvankaTrumpâ© had hoped to become the first female president, apparently on the premise that the the presidency should be a family business. The mob of #Trump supporters storming the Capitol vaporized those dreams. https://t.co/NOUJ32Hn13",1/17/2021 5:47,en,,0,0,,ğ•„ğ•–ğ•¥ğ•£ğ•  â„•ğ• ğ•ğ•–ğ•£ğ•£ğ•ª,"Progressive, Objective. No Tolerance for Racism. I share Israel's ğŸ‡®ğŸ‡±support for #HumanRights. I oppose ğŸ–•ğŸ½TrumpÂ®, BDS, KKK, NRA, Hamas.",129957,30477,5001,4600,208,FALSE,,,@JBucknoff
Joy,No,"#Seditionists of the House &amp; Senate who told the masses #TheBigLie #Gozar, #Cruz, #Hawley #Boebert and lesser-known #traitors, #MAGATerrorists this is how you've harmed America! #Trump is the only #POTUS to ever try to obstruct a #PeacefulTransferOfPower! https://t.co/PAgWJ1tHXh",1/17/2021 5:47,en,,6,0,,Celestial Sojourner,"#AntiFascist, retired RN 
#NowItsAWitchHunt #MagickResistance 
#GoLeftAmerica! #Resistance 
Typos & content are #MyBad! @FXMoore2 is my hero & my bey!",48410,75114,42584,43118,9,FALSE,,,@CSojourner
Sadness,No,I miss those days when #Trump roasted #Biden for being the idiot he truly is.,1/17/2021 5:46,en,,0,0,,Ø¹Â ÙØ± Ùˆ Ø¨Ø©,"They hate the truth, I fight for it..",61219,13904,361,699,0,FALSE,,,@3urubah
Joy,No,#earthquake that was a baby earthquake. I wonder when the mother will show. The 2nd and 3rd always come much bigger. Watch out california maybe san andreas fault is about to perform the big one in time for @JoeBiden #InaugurationDay and keep #Trump in power in national emergency,1/17/2021 5:46,en,,1,0,,Lee McCluskey,"Just because sometimes I Retweet seemingly far right tweets doesn't make me far right & my tweets are just common sense. socialism never ever works
ME sufferer",12692,2699,1480,510,1,FALSE,,,@LeeMccluskey
Sadness,No,@cris_n3wy Definitely the Invisible Book that was once read by the Invisible Man. That's the only book #Trump's ever read. Snap! ğŸ¾,1/17/2021 5:46,en,,0,0,@cris_n3wy,Little Black Devil dog,"I'm an observer/intuitive. I 've  followed politics for some time. I write poetry, also articles. VP Property Mgt. No Lists! ğŸŒŠğŸŒŠğŸ¶ğŸ•ğŸğŸºğŸ¦…ğŸ‡ºğŸ‡¸â™ˆ",5860,4279,2157,1014,0,FALSE,,,@leiter_robin
Joy,No,"@senatemajldr @GOP You KNEW who #Trump was when you nominated him.  What is god's name were you thinking?
I would suggest you not do it again.",1/17/2021 5:46,en,,0,0,@senatemajldr,MissRed,,2531,792,3,1,0,FALSE,,,@MissRed80614542
Sadness,No,@Franklin_Graham repent of your love of #Trump  you can not serve two masters,1/17/2021 5:46,en,,0,0,@Franklin_Graham,middleamerica,,110,331,28,1,0,FALSE,,,@middlea75746336
Fear,No,@macantone @RexChapman that fact the my pillow guy is giving #Trump advice..is definitely not a good thing... https://t.co/st139fWJaN,1/17/2021 5:46,en,,0,0,@macantone,Independent02,"I am a registered independent born and raised in the US and still a citizen,but live https://t.co/iMA2TR0PE8 Edition is the best group ever",75568,21084,866,273,24,FALSE,,,@Independent02
Surprise,No,@NPR #Trump always excelled as being low class,1/17/2021 5:46,en,,1,0,@NPR,Andreas J.A. S.,"*/ Views expressed are my own /* Passionate abou Data Viz & UX /* 

Proud Dad of 3, so don't B.S. me
*** Heart lies in Africa ***",25806,18008,488,704,239,FALSE,,,@Xeradox
